{"stat.walkOneCm":78103,"stat.leaveGame":3,"stat.killEntity.jenny":1,"stat.drop.minecraft.porkchop":1,"stat.damageTaken":1163,"stat.drop.minecraft.dirt":1,"stat.mobKills":2,"stat.flyOneCm":11287,"stat.deaths":3,"stat.drop":2,"stat.jump":439,"stat.mineBlock.minecraft.leaves":3,"stat.swimOneCm":7659,"stat.playOneMinute":30796,"stat.fallOneCm":18608,"stat.entityKilledBy.Zombie":2,"stat.sneakTime":15,"stat.damageDealt":418,"stat.pickup.minecraft.porkchop":1,"stat.timeSinceDeath":3274,"stat.pickup.minecraft.dirt":8,"stat.useItem.minecraft.dirt":5,"stat.sprintOneCm":7443,"stat.mineBlock.minecraft.dirt":4,"stat.useItem.minecraft.spawn_egg":1,"stat.useItem.minecraft.stone_slab2":1,"stat.mineBlock.minecraft.tallgrass":1,"stat.diveOneCm":14445}