{"stat.walkOneCm":37638,"stat.leaveGame":2,"stat.killEntity.jenny":1,"stat.drop.minecraft.porkchop":1,"stat.damageTaken":500,"stat.mobKills":1,"stat.flyOneCm":8433,"stat.deaths":1,"stat.drop":1,"stat.jump":213,"stat.mineBlock.minecraft.leaves":1,"stat.swimOneCm":961,"stat.playOneMinute":18962,"stat.fallOneCm":9058,"stat.sneakTime":15,"stat.damageDealt":300,"stat.pickup.minecraft.porkchop":1,"stat.timeSinceDeath":3980,"stat.sprintOneCm":2790,"stat.useItem.minecraft.spawn_egg":1,"stat.mineBlock.minecraft.tallgrass":1,"stat.diveOneCm":4509}