{"stat.pickup.minecraft.rotten_flesh":2,"stat.useItem.minecraft.rotten_flesh":2,"stat.flyOneCm":6875,"stat.deaths":3,"stat.walkOneCm":43857,"stat.jump":200,"stat.swimOneCm":1675,"stat.playOneMinute":13778,"stat.fallOneCm":8854,"stat.pickup.minecraft.iron_ingot":1,"stat.entityKilledBy.Zombie":1,"stat.leaveGame":2,"stat.damageTaken":1195,"stat.damageDealt":172,"stat.killEntity.Zombie":1,"stat.timeSinceDeath":0,"stat.pickup.minecraft.dirt":22,"stat.useItem.minecraft.dirt":16,"stat.sprintOneCm":8770,"stat.mineBlock.minecraft.dirt":6,"stat.useItem.minecraft.stone_slab2":2,"stat.entityKilledBy.Creeper":1,"stat.diveOneCm":537}